key,stage,family,numel,fp_changed_count,fp_changed_ratio,fp_mean_abs_delta,fp_max_abs_delta,fp_mean_abs_delta_changed_only,q_mean_abs_delta_to_base_all,q_mean_abs_delta_to_base_changed_only,q_survival_count,q_survival_ratio_over_fp_changed,closer_to_fp_count,closer_to_base_count,tie_count,closer_to_fp_ratio_over_fp_changed,closer_to_base_ratio_over_fp_changed,tie_ratio_over_fp_changed,same_sign_count,same_sign_ratio_over_fp_changed,mean_shrinkage_ratio_changed_only,median_shrinkage_ratio_changed_only,l1_delta,l2_delta_sq
up_blocks.1.resnets.1.conv1.weight,up,resnet_conv1,29491200,25790301,0.8745083618164062,3.9781192754162475e-05,0.005859375,4.5489778131013736e-05,3.9781192754162475e-05,4.5489778131013736e-05,25790301,1.0,25789373,0,928,0.9999640174808352,0.0,3.598251916485969e-05,25790301,1.0,0.9999820590019226,1.0,1173.195068359375,0.11833721399307251
up_blocks.1.resnets.0.conv1.weight,up,resnet_conv1,29491200,25785006,0.8743288167317709,3.672044476843439e-05,0.00390625,4.199843533569947e-05,3.672044476843439e-05,4.199843533569947e-05,25785006,1.0,25783960,0,1046,0.9999594337887685,0.0,4.0566211231442024e-05,25785006,1.0,0.9999797344207764,1.0,1082.929931640625,0.10499812662601471
up_blocks.1.resnets.2.conv1.weight,up,resnet_conv1,22118400,19344468,0.8745871310763889,4.272077057976276e-05,0.0078125,4.884678855887614e-05,4.272077785572037e-05,4.884678855887614e-05,19344468,1.0,19343836,0,632,0.9999673291609777,0.0,3.267083902229826e-05,19344468,1.0,0.9999836683273315,1.0,944.9151000976562,0.10182498395442963
up_blocks.0.resnets.2.conv1.weight,up,resnet_conv1,29491200,25783075,0.8742633395724826,3.13300515699666e-05,0.0029296875,3.583594298106618e-05,3.1330055207945406e-05,3.583594298106618e-05,25783075,1.0,25781892,0,1183,0.999954117187341,0.0,4.588281265907965e-05,25783075,1.0,0.9999770522117615,1.0,923.9608154296875,0.07309228181838989
up_blocks.0.resnets.1.conv1.weight,up,resnet_conv1,29491200,25778411,0.8741051907009548,2.9060143788228743e-05,0.00390625,3.324559293105267e-05,2.9060145607218146e-05,3.324559293105267e-05,25778411,1.0,25777134,0,1277,0.9999504624237701,0.0,4.953757622997011e-05,25778411,1.0,0.9999751448631287,1.0,857.0184936523438,0.0638175830245018
up_blocks.1.resnets.2.conv2.weight,up,resnet_conv2,14745600,12894982,0.8744969346788194,5.2806022722506896e-05,0.0009765625,6.0384456446627155e-05,5.2806022722506896e-05,6.0384456446627155e-05,12894982,1.0,12894655,0,327,0.9999746412984524,0.0,2.535870154762527e-05,12894982,1.0,0.9999873042106628,1.0,778.656494140625,0.09744633734226227
up_blocks.0.resnets.0.conv1.weight,up,resnet_conv1,29491200,25776645,0.8740453084309896,2.5775412723305635e-05,0.001953125,2.9489790904335678e-05,2.577541454229504e-05,2.948978726635687e-05,25776645,1.0,25774974,0,1671,0.999935173875421,0.0,6.482612457905209e-05,25776645,1.0,0.9999675750732422,1.0,760.1478271484375,0.053074657917022705
up_blocks.1.resnets.1.conv2.weight,up,resnet_conv2,14745600,12895379,0.8745238579644097,4.858551619690843e-05,0.00390625,5.555653842748143e-05,4.858551619690843e-05,5.555653842748143e-05,12895379,1.0,12895012,0,367,0.9999715401928087,0.0,2.8459807191397788e-05,12895379,1.0,0.9999857544898987,1.0,716.422607421875,0.08548440039157867
up_blocks.1.resnets.0.conv2.weight,up,resnet_conv2,14745600,12897185,0.8746463351779514,4.840838664676994e-05,0.0029296875,5.5346241424558684e-05,4.8408393922727555e-05,5.5346241424558684e-05,12897185,1.0,12896820,0,365,0.9999716992506504,0.0,2.8300749349567366e-05,12897185,1.0,0.9999858736991882,1.0,713.8107299804688,0.0843789130449295
down_blocks.2.resnets.1.conv1.weight,down,resnet_conv1,14745600,12895136,0.8745073784722223,4.2380288505228236e-05,0.00390625,4.846190131502226e-05,4.2380288505228236e-05,4.846190131502226e-05,12895136,1.0,12894728,0,408,0.9999683601630879,0.0,3.163983691215044e-05,12895136,1.0,0.9999842047691345,1.0,624.9227905273438,0.06507407128810883
down_blocks.2.resnets.0.conv2.weight,down,resnet_conv2,14745600,12894231,0.8744460042317709,4.010323027614504e-05,0.00146484375,4.5861310354666784e-05,4.0103237552102655e-05,4.586130307870917e-05,12894231,1.0,12893819,0,412,0.9999680477261498,0.0,3.195227385022031e-05,12894231,1.0,0.9999840259552002,1.0,591.34619140625,0.05538184940814972
up_blocks.0.resnets.1.conv2.weight,up,resnet_conv2,14745600,12894855,0.8744883219401042,3.922086034435779e-05,0.001953125,4.4850068661617115e-05,3.922086034435779e-05,4.4850068661617115e-05,12894855,1.0,12894347,0,508,0.9999606044426246,0.0,3.939555737540282e-05,12894855,1.0,0.9999803304672241,1.0,578.3351440429688,0.05736222118139267
down_blocks.2.resnets.1.conv2.weight,down,resnet_conv2,14745600,12894913,0.8744922553168403,3.7231431633699685e-05,0.0009765625,4.257490945747122e-05,3.7231431633699685e-05,4.257490945747122e-05,12894913,1.0,12894465,0,448,0.9999652576174807,0.0,3.474238251937024e-05,12894913,1.0,0.9999827146530151,1.0,548.9998168945312,0.04887240752577782
up_blocks.0.resnets.2.conv2.weight,up,resnet_conv2,14745600,12894445,0.8744605170355902,3.66704844054766e-05,0.0009765625,4.193497443338856e-05,3.66704844054766e-05,4.193496715743095e-05,12894445,1.0,12893933,0,512,0.9999602929788758,0.0,3.970702112421279e-05,12894445,1.0,0.9999801516532898,1.0,540.728271484375,0.04763249680399895
up_blocks.2.resnets.0.conv1.weight,up,resnet_conv1,11059200,9671991,0.8745651584201389,4.8154386604437605e-05,0.00390625,5.506095112650655e-05,4.8154386604437605e-05,5.506095112650655e-05,9671991,1.0,9671660,0,331,0.9999657774702231,0.0,3.422252977696112e-05,9671991,1.0,0.9999829530715942,1.0,532.5490112304688,0.07169638574123383
up_blocks.0.resnets.0.conv2.weight,up,resnet_conv2,14745600,12891139,0.874236314561632,3.4338274417677894e-05,0.001953125,3.927802390535362e-05,3.4338274417677894e-05,3.927802390535362e-05,12891139,1.0,12890549,0,590,0.9999542321279756,0.0,4.576787202434168e-05,12891139,1.0,0.9999771118164062,1.0,506.3384704589844,0.04778648167848587
down_blocks.3.resnets.0.conv2.weight,down,resnet_conv2,14745600,12891941,0.8742907036675347,3.403947630431503e-05,0.001953125,3.8933820178499445e-05,3.403947630431503e-05,3.8933820178499445e-05,12891941,1.0,12891421,0,520,0.9999596647238768,0.0,4.0335276123277325e-05,12891941,1.0,0.9999798536300659,1.0,501.9324951171875,0.04075562208890915
mid_block.resnets.0.conv2.weight,mid,resnet_conv2,14745600,12892666,0.8743398708767361,3.308710438432172e-05,0.00146484375,3.784239015658386e-05,3.308710438432172e-05,3.7842382880626246e-05,12892666,1.0,12892093,0,573,0.9999555561278016,0.0,4.444387219834905e-05,12892666,1.0,0.9999778270721436,1.0,487.88922119140625,0.03994622081518173
down_blocks.3.resnets.0.conv1.weight,down,resnet_conv1,14745600,12891322,0.8742487250434028,3.3036823879228905e-05,0.001953125,3.778881364269182e-05,3.3036823879228905e-05,3.778881364269182e-05,12891322,1.0,12890772,0,550,0.9999573356402082,0.0,4.266435979180413e-05,12891322,1.0,0.9999786019325256,1.0,487.14776611328125,0.03909074515104294
mid_block.resnets.1.conv2.weight,mid,resnet_conv2,14745600,12892720,0.8743435329861111,3.303248013253324e-05,0.001953125,3.7779751437483355e-05,3.3032483770512044e-05,3.7779751437483355e-05,12892720,1.0,12892103,0,617,0.9999521435352664,0.0,4.7856464733586084e-05,12892720,1.0,0.9999760985374451,1.0,487.083740234375,0.04054529592394829
down_blocks.3.resnets.1.conv2.weight,down,resnet_conv2,14745600,12892096,0.8743012152777778,3.258373180869967e-05,0.001953125,3.726831346284598e-05,3.2583735446678475e-05,3.726831346284598e-05,12892096,1.0,12891521,0,575,0.9999553990289864,0.0,4.4600971013557456e-05,12892096,1.0,0.9999776482582092,1.0,480.4666748046875,0.03840760141611099
down_blocks.3.resnets.1.conv1.weight,down,resnet_conv1,14745600,12892442,0.8743246799045139,3.214253592886962e-05,0.001953125,3.676269989227876e-05,3.214253592886962e-05,3.676269989227876e-05,12892442,1.0,12891916,0,526,0.9999592009023581,0.0,4.0799097641858696e-05,12892442,1.0,0.9999796152114868,1.0,473.96099853515625,0.03753574565052986
mid_block.resnets.1.conv1.weight,mid,resnet_conv1,14745600,12891381,0.8742527262369791,3.193106022081338e-05,0.001953125,3.6523833841783926e-05,3.193106022081338e-05,3.6523833841783926e-05,12891381,1.0,12890807,0,574,0.9999554741264726,0.0,4.452587352743666e-05,12891381,1.0,0.999977707862854,1.0,470.8426513671875,0.03701672703027725
mid_block.resnets.0.conv1.weight,mid,resnet_conv1,14745600,12892817,0.874350111219618,3.127949821646325e-05,0.001953125,3.577456664061174e-05,3.127949821646325e-05,3.577456664061174e-05,12892817,1.0,12892234,0,583,0.9999547810226423,0.0,4.521897735770235e-05,12892817,1.0,0.9999774098396301,1.0,461.2349853515625,0.03592834249138832
down_blocks.2.attentions.0.transformer_blocks.0.attn2.to_out.0.weight,down,attn2_to_out,1638400,1547127,0.9442913818359375,0.0002528069308027625,0.0040302276611328125,0.000267721334239468,0.0002528069308027625,0.000267721334239468,1547127,1.0,1547127,0,0,1.0,0.0,0.0,1547127,1.0,1.0,1.0,414.1988830566406,0.30748772621154785
up_blocks.1.attentions.0.transformer_blocks.0.attn2.to_out.0.weight,up,attn2_to_out,1638400,1512293,0.9230303955078125,0.000229864934226498,0.004940032958984375,0.00024903289158828557,0.000229864934226498,0.00024903289158828557,1512293,1.0,1512293,0,0,1.0,0.0,0.0,1512293,1.0,1.0,1.0,376.6107177734375,0.3327823281288147
up_blocks.1.attentions.2.transformer_blocks.0.attn2.to_out.0.weight,up,attn2_to_out,1638400,1519804,0.92761474609375,0.0002222384646302089,0.00489044189453125,0.00023958056408446282,0.00022223849373403937,0.00023958059318829328,1519804,1.0,1519804,0,0,1.0,0.0,0.0,1519804,1.0,1.0,1.0,364.1155090332031,0.3086540699005127
down_blocks.2.attentions.1.transformer_blocks.0.attn2.to_out.0.weight,down,attn2_to_out,1638400,1535808,0.9373828125,0.00021858794207219034,0.0042438507080078125,0.00023318961029872298,0.00021858794207219034,0.00023318961029872298,1535808,1.0,1535808,0,0,1.0,0.0,0.0,1535808,1.0,1.0,1.0,358.1344909667969,0.24646741151809692
up_blocks.2.resnets.1.conv1.weight,up,resnet_conv1,7372800,6447233,0.8744619411892361,4.6413118980126455e-05,0.00390625,5.307620085659437e-05,4.6413118980126455e-05,5.307620085659437e-05,6447233,1.0,6446993,0,240,0.9999627747283214,0.0,3.72252716785635e-05,6447233,1.0,0.9999814033508301,1.0,342.19464111328125,0.04697386920452118
down_blocks.2.resnets.0.conv1.weight,down,resnet_conv1,7372800,6448890,0.8746866861979167,4.467322287382558e-05,0.0078125,5.1073402573820204e-05,4.467322651180439e-05,5.1073402573820204e-05,6448890,1.0,6448691,0,199,0.9999691419763711,0.0,3.085802362887257e-05,6448890,1.0,0.9999845623970032,1.0,329.3667297363281,0.037489935755729675
up_blocks.1.attentions.1.transformer_blocks.0.attn2.to_out.0.weight,up,attn2_to_out,1638400,1505350,0.918792724609375,0.0001961930247489363,0.00504302978515625,0.0002135334798367694,0.0001961930247489363,0.0002135334798367694,1505350,1.0,1505350,0,0,1.0,0.0,0.0,1505350,1.0,1.0,1.0,321.4426574707031,0.25228238105773926
mid_block.attentions.0.transformer_blocks.0.attn2.to_out.0.weight,mid,attn2_to_out,1638400,1507318,0.919993896484375,0.0001741275191307068,0.00371551513671875,0.00018927030032500625,0.0001741275191307068,0.00018927030032500625,1507318,1.0,1507318,0,0,1.0,0.0,0.0,1507318,1.0,1.0,1.0,285.29052734375,0.17438320815563202
up_blocks.2.resnets.2.conv1.weight,up,resnet_conv1,5529600,4834712,0.8743330439814815,4.871912096859887e-05,0.001953125,5.5721473472658545e-05,4.871912096859887e-05,5.5721473472658545e-05,4834712,1.0,4834559,0,153,0.9999683538543764,0.0,3.164614562356558e-05,4834712,1.0,0.9999842047691345,1.0,269.3972473144531,0.03722720965743065
up_blocks.1.attentions.1.transformer_blocks.0.attn2.to_q.weight,up,attn2_to_q,1638400,1481667,0.9043377685546875,0.00015210791025310755,0.0047779083251953125,0.00016819810844026506,0.00015210791025310755,0.00016819810844026506,1481667,1.0,1481667,0,0,1.0,0.0,0.0,1481667,1.0,1.0,1.0,249.21359252929688,0.16483193635940552
mid_block.attentions.0.transformer_blocks.0.attn2.to_q.weight,mid,attn2_to_q,1638400,1499596,0.91528076171875,0.00014891270257066935,0.00362396240234375,0.00016269618936348706,0.00014891270257066935,0.00016269618936348706,1499596,1.0,1499596,0,0,1.0,0.0,0.0,1499596,1.0,1.0,1.0,243.97857666015625,0.15888220071792603
up_blocks.2.resnets.0.conv2.weight,up,resnet_conv2,3686400,3223361,0.8743926323784722,6.603138899663463e-05,0.00390625,7.551685848738998e-05,6.603138899663463e-05,7.551685848738998e-05,3223361,1.0,3223284,0,77,0.9999761118906632,0.0,2.388810933680714e-05,3223361,1.0,0.9999880790710449,1.0,243.41810607910156,0.04644063860177994
up_blocks.1.attentions.0.transformer_blocks.0.attn2.to_q.weight,up,attn2_to_q,1638400,1482766,0.905008544921875,0.00013722416770178825,0.004755973815917969,0.00015162749332375824,0.00013722416770178825,0.00015162749332375824,1482766,1.0,1482766,0,0,1.0,0.0,0.0,1482766,1.0,1.0,1.0,224.8280792236328,0.1257021576166153
down_blocks.1.attentions.1.transformer_blocks.0.attn2.to_out.0.weight,down,attn2_to_out,409600,405888,0.9909375,0.0005039423704147339,0.00368499755859375,0.0005085511365905404,0.0005039423704147339,0.0005085511365905404,405888,1.0,405888,0,0,1.0,0.0,0.0,405888,1.0,1.0,1.0,206.414794921875,0.18284228444099426
up_blocks.1.attentions.2.transformer_blocks.0.attn2.to_q.weight,up,attn2_to_q,1638400,1480331,0.9035223388671875,0.00012482078454922885,0.003143310546875,0.00013814908743370324,0.00012482078454922885,0.00013814908743370324,1480331,1.0,1480331,0,0,1.0,0.0,0.0,1480331,1.0,1.0,1.0,204.50637817382812,0.08929792046546936
down_blocks.2.attentions.0.transformer_blocks.0.attn2.to_v.weight,down,attn2_to_v,983040,909170,0.9248555501302084,0.00020237288845237345,0.00377655029296875,0.00021881566499359906,0.00020237288845237345,0.00021881566499359906,909170,1.0,909170,0,0,1.0,0.0,0.0,909170,1.0,1.0,1.0,198.94064331054688,0.14061573147773743
up_blocks.1.attentions.0.transformer_blocks.0.attn2.to_v.weight,up,attn2_to_v,983040,897162,0.912640380859375,0.00019819257431663573,0.003589630126953125,0.00021716389164794236,0.00019819257431663573,0.00021716389164794236,897162,1.0,897162,0,0,1.0,0.0,0.0,897162,1.0,1.0,1.0,194.8312225341797,0.14442333579063416
down_blocks.1.resnets.1.conv1.weight,down,resnet_conv1,3686400,3223432,0.8744118923611112,5.26719304616563e-05,0.001953125,6.0236976423766464e-05,5.26719304616563e-05,6.0236976423766464e-05,3223432,1.0,3223338,0,94,0.9999708385348287,0.0,2.916146517128328e-05,3223432,1.0,0.99998539686203,1.0,194.1697998046875,0.028156889602541924
down_blocks.2.attentions.1.transformer_blocks.0.attn2.to_q.weight,down,attn2_to_q,1638400,1486727,0.9074261474609375,0.00011728439130820334,0.003078460693359375,0.00012924951442983001,0.00011728439130820334,0.00012924951442983001,1486727,1.0,1486727,0,0,1.0,0.0,0.0,1486727,1.0,1.0,1.0,192.15875244140625,0.07167426496744156
down_blocks.2.attentions.0.transformer_blocks.0.attn2.to_q.weight,down,attn2_to_q,1638400,1487051,0.9076239013671875,0.00011641329911071807,0.003368377685546875,0.00012826161400880665,0.00011641329911071807,0.00012826161400880665,1487051,1.0,1487051,0,0,1.0,0.0,0.0,1487051,1.0,1.0,1.0,190.73155212402344,0.087366983294487
up_blocks.2.resnets.1.conv2.weight,up,resnet_conv2,3686400,3224247,0.8746329752604166,5.090062040835619e-05,0.0029296875,5.819654688821174e-05,5.090062040835619e-05,5.819654688821174e-05,3224247,1.0,3224119,0,128,0.9999603008082197,0.0,3.969919178028234e-05,3224247,1.0,0.9999801516532898,1.0,187.64004516601562,0.028863299638032913
up_blocks.2.resnets.2.conv2.weight,up,resnet_conv2,3686400,3223140,0.8743326822916667,4.9323291023029014e-05,0.001953125,5.6412496633129194e-05,4.9323291023029014e-05,5.6412496633129194e-05,3223140,1.0,3223013,0,127,0.9999605974298355,0.0,3.940257016449797e-05,3223140,1.0,0.9999802708625793,1.0,181.82537841796875,0.025934064760804176
down_blocks.1.resnets.0.conv2.weight,down,resnet_conv2,3686400,3224336,0.8746571180555556,4.877113315160386e-05,0.0009765625,5.57602834305726e-05,4.877113315160386e-05,5.57602834305726e-05,3224336,1.0,3224249,0,87,0.9999730177003886,0.0,2.6982299611454885e-05,3224336,1.0,0.9999865293502808,1.0,179.78990173339844,0.02128695696592331
down_blocks.2.attentions.1.transformer_blocks.0.attn2.to_v.weight,down,attn2_to_v,983040,907319,0.9229726155598958,0.0001828241947805509,0.002559661865234375,0.000198081907001324,0.0001828241947805509,0.00019808189244940877,907319,1.0,907319,0,0,1.0,0.0,0.0,907319,1.0,1.0,1.0,179.72349548339844,0.10937165468931198
up_blocks.1.attentions.2.transformer_blocks.0.attn2.to_v.weight,up,attn2_to_v,983040,896932,0.9124064127604167,0.00018224607629235834,0.003947019577026367,0.00019974220776930451,0.00018224607629235834,0.00019974220776930451,896932,1.0,896932,0,0,1.0,0.0,0.0,896932,1.0,1.0,1.0,179.15518188476562,0.13529758155345917
up_blocks.1.attentions.1.transformer_blocks.0.attn2.to_v.weight,up,attn2_to_v,983040,893858,0.9092793782552083,0.00017577105609234422,0.003932952880859375,0.0001933080784510821,0.00017577105609234422,0.0001933080784510821,893858,1.0,893858,0,0,1.0,0.0,0.0,893858,1.0,1.0,1.0,172.78997802734375,0.12204783409833908
mid_block.attentions.0.transformer_blocks.0.attn2.to_v.weight,mid,attn2_to_v,983040,898119,0.9136138916015625,0.00017085211584344506,0.00301361083984375,0.00018700692453421652,0.00017085211584344506,0.00018700692453421652,898119,1.0,898119,0,0,1.0,0.0,0.0,898119,1.0,1.0000001192092896,1.0,167.9544677734375,0.10240477323532104
down_blocks.1.resnets.1.conv2.weight,down,resnet_conv2,3686400,3224713,0.8747593858506945,4.440360135049559e-05,0.0009765625,5.076093293610029e-05,4.440360135049559e-05,5.076093293610029e-05,3224713,1.0,3224583,0,130,0.999959686334877,0.0,4.031366512306676e-05,3224713,1.0,0.9999798536300659,1.0,163.68943786621094,0.019764333963394165
up_blocks.1.attentions.1.transformer_blocks.0.attn2.to_k.weight,up,attn2_to_k,983040,885802,0.9010843912760417,0.00015696565969847143,0.00380706787109375,0.00017419640789739788,0.00015696565969847143,0.00017419640789739788,885802,1.0,885802,0,0,1.0,0.0,0.0,885802,1.0,1.0,1.0,154.30352783203125,0.10248494893312454
down_blocks.1.attentions.0.transformer_blocks.0.attn2.to_out.0.weight,down,attn2_to_out,409600,400628,0.978095703125,0.0003665340773295611,0.0034637451171875,0.0003747425798792392,0.0003665340773295611,0.0003747425798792392,400628,1.0,400628,0,0,1.0,0.0,0.0,400628,1.0,1.0,1.0,150.13235473632812,0.11225295066833496
mid_block.attentions.0.transformer_blocks.0.attn2.to_k.weight,mid,attn2_to_k,983040,893888,0.9093098958333333,0.00015130815154407173,0.00389862060546875,0.00016639888053759933,0.00015130815154407173,0.00016639888053759933,893888,1.0,893888,0,0,1.0,0.0,0.0,893888,1.0,1.0,1.0,148.74195861816406,0.10158217698335648
up_blocks.1.attentions.0.transformer_blocks.0.attn2.to_k.weight,up,attn2_to_k,983040,887026,0.9023295084635417,0.00014212189125828445,0.0045185089111328125,0.0001575055212015286,0.00014212189125828445,0.0001575055212015286,887026,1.0,887026,0,0,1.0,0.0,0.0,887026,1.0,1.0,1.0,139.7115020751953,0.08162625133991241
up_blocks.2.attentions.2.transformer_blocks.0.attn2.to_out.0.weight,up,attn2_to_out,409600,396495,0.96800537109375,0.0003325460129417479,0.0035648345947265625,0.00034353736555203795,0.0003325460129417479,0.00034353736555203795,396495,1.0,396495,0,0,1.0,0.0,0.0,396495,1.0,1.0,1.0,136.21084594726562,0.10477039217948914
down_blocks.1.attentions.1.transformer_blocks.0.attn2.to_v.weight,down,attn2_to_v,491520,468945,0.954071044921875,0.00027661878266371787,0.0037326812744140625,0.0002899352111853659,0.00027661878266371787,0.0002899352111853659,468945,1.0,468945,0,0,1.0,0.0,0.0,468945,1.0,1.0,1.0,135.9636688232422,0.1008182168006897
up_blocks.3.resnets.0.conv1.weight,up,resnet_conv1,2764800,2417871,0.8745193142361111,4.868648829869926e-05,0.0029296875,5.567228436120786e-05,4.868648829869926e-05,5.567228436120786e-05,2417871,1.0,2417781,0,90,0.9999627771704942,0.0,3.7222829505792495e-05,2417871,1.0,0.9999814033508301,1.0,134.6083984375,0.019807659089565277
down_blocks.2.attentions.0.transformer_blocks.0.attn2.to_k.weight,down,attn2_to_k,983040,889828,0.9051798502604167,0.00013391564425546676,0.0033392906188964844,0.0001479436905356124,0.000133915658807382,0.0001479436905356124,889828,1.0,889828,0,0,1.0,0.0,0.0,889828,1.0,1.0,1.0,131.64443969726562,0.08064992725849152
up_blocks.2.attentions.1.transformer_blocks.0.attn2.to_out.0.weight,up,attn2_to_out,409600,389984,0.952109375,0.0003189830749761313,0.00469207763671875,0.00033502778387628496,0.0003189830749761313,0.00033502772566862404,389984,1.0,389984,0,0,1.0,0.0,0.0,389984,1.0,1.0,1.0,130.6554718017578,0.12338221818208694
up_blocks.1.attentions.2.transformer_blocks.0.attn2.to_k.weight,up,attn2_to_k,983040,885163,0.9004343668619792,0.00012912385864183307,0.0031690597534179688,0.00014340174675453454,0.00012912385864183307,0.00014340174675453454,885163,1.0,885163,0,0,1.0,0.0,0.0,885163,1.0,1.0,1.0,126.93392181396484,0.05513610690832138
down_blocks.2.attentions.1.transformer_blocks.0.attn2.to_k.weight,down,attn2_to_k,983040,889122,0.904461669921875,0.00012160504411440343,0.002628326416015625,0.00013445020886138082,0.00012160504411440343,0.0001344501943094656,889122,1.0,889122,0,0,1.0,0.0,0.0,889122,1.0,1.0,1.0,119.5426254272461,0.04435372352600098
up_blocks.2.attentions.1.transformer_blocks.0.attn2.to_k.weight,up,attn2_to_k,491520,443950,0.9032185872395834,0.0002402224636171013,0.00521087646484375,0.0002659627061802894,0.0002402224636171013,0.0002659627061802894,443950,1.0,443950,0,0,1.0,0.0,0.0,443950,1.0,1.0,1.0,118.07414245605469,0.16684786975383759
up_blocks.1.attentions.1.transformer_blocks.0.attn1.to_q.weight,up,attn1_to_q,1638400,1433174,0.874739990234375,6.833743100287393e-05,0.0009765625,7.812313560862094e-05,6.833743100287393e-05,7.812313560862094e-05,1433174,1.0,1433149,0,25,0.9999825562004334,0.0,1.7443799566556467e-05,1433174,1.0,0.9999912977218628,1.0,111.96404266357422,0.017313402146100998
up_blocks.1.attentions.1.transformer_blocks.0.attn1.to_k.weight,up,attn1_to_k,1638400,1433175,0.8747406005859375,6.818196561653167e-05,0.001953125,7.794535486027598e-05,6.818196561653167e-05,7.794535486027598e-05,1433175,1.0,1433144,0,31,0.9999783697036301,0.0,2.1630296369947844e-05,1433175,1.0,0.9999892115592957,1.0,111.70933532714844,0.01728655956685543
down_blocks.2.attentions.0.transformer_blocks.0.attn1.to_k.weight,down,attn1_to_k,1638400,1433106,0.874698486328125,6.754405330866575e-05,0.0009765625,7.721981091890484e-05,6.754405330866575e-05,7.721981091890484e-05,1433106,1.0,1433076,0,30,0.9999790664472831,0.0,2.0933552716965808e-05,1433106,1.0,0.9999895095825195,1.0,110.66417694091797,0.017372002825140953
down_blocks.2.attentions.0.transformer_blocks.0.attn1.to_q.weight,down,attn1_to_q,1638400,1432776,0.8744970703125,6.743893754901364e-05,0.0009765625,7.711740181548521e-05,6.743893754901364e-05,7.711740181548521e-05,1432776,1.0,1432751,0,25,0.9999825513548524,0.0,1.744864514760158e-05,1432776,1.0,0.9999912977218628,1.0,110.49195861816406,0.017352454364299774
up_blocks.1.attentions.2.transformer_blocks.0.attn1.to_q.weight,up,attn1_to_q,1638400,1433344,0.87484375,6.523945921799168e-05,0.0009765625,7.457270112354308e-05,6.523945921799168e-05,7.457270112354308e-05,1433344,1.0,1433305,0,39,0.9999727909001608,0.0,2.720909983925701e-05,1433344,1.0,0.9999864101409912,1.0,106.8883285522461,0.015904288738965988
up_blocks.1.attentions.2.transformer_blocks.0.attn1.to_k.weight,up,attn1_to_k,1638400,1433269,0.8747979736328125,6.485125049948692e-05,0.00146484375,7.413283310597762e-05,6.485125049948692e-05,7.413283310597762e-05,1433269,1.0,1433242,0,27,0.9999811619451757,0.0,1.8838054824321184e-05,1433269,1.0,0.9999905824661255,1.0,106.25228881835938,0.01569647341966629
down_blocks.2.attentions.1.transformer_blocks.0.attn1.to_k.weight,down,attn1_to_k,1638400,1432575,0.8743743896484375,6.404613668564707e-05,0.00146484375,7.324795296881348e-05,6.404613668564707e-05,7.324795296881348e-05,1432575,1.0,1432546,0,29,0.9999797567317592,0.0,2.0243268240755284e-05,1432575,1.0,0.9999898672103882,1.0,104.93318939208984,0.015380029566586018
down_blocks.1.resnets.0.conv1.weight,down,resnet_conv1,1843200,1612551,0.8748649088541667,5.68128889426589e-05,0.00390625,6.493904220405966e-05,5.68128889426589e-05,6.493904220405966e-05,1612551,1.0,1612509,0,42,0.9999739543121426,0.0,2.604568785731428e-05,1612551,1.0,0.999987006187439,1.0,104.71751403808594,0.014916189946234226
down_blocks.2.attentions.1.transformer_blocks.0.attn1.to_q.weight,down,attn1_to_q,1638400,1433050,0.874664306640625,6.374337681336328e-05,0.001953125,7.28775339666754e-05,6.37433840893209e-05,7.28775339666754e-05,1433050,1.0,1433021,0,29,0.9999797634416105,0.0,2.0236558389449077e-05,1433050,1.0,0.9999898672103882,1.0,104.43714904785156,0.015212634578347206
down_blocks.1.attentions.0.transformer_blocks.0.attn2.to_v.weight,down,attn2_to_v,491520,462102,0.94014892578125,0.00021099713922012597,0.00396728515625,0.0002244294882984832,0.00021099713922012597,0.0002244294882984832,462102,1.0,462102,0,0,1.0,0.0,0.0,462102,1.0,1.0,1.0,103.70931243896484,0.06592005491256714
up_blocks.1.attentions.0.transformer_blocks.0.attn1.to_k.weight,up,attn1_to_k,1638400,1432937,0.8745953369140625,6.034876059857197e-05,0.001953125,6.900192238390446e-05,6.034876059857197e-05,6.900192238390446e-05,1432937,1.0,1432900,0,37,0.9999741789066791,0.0,2.5821093320920597e-05,1432937,1.0,0.9999870657920837,1.0,98.87541198730469,0.013611424714326859
up_blocks.1.attentions.0.transformer_blocks.0.attn1.to_q.weight,up,attn1_to_q,1638400,1433306,0.874820556640625,6.0148187913000584e-05,0.001953125,6.87548890709877e-05,6.0148187913000584e-05,6.87548890709877e-05,1433306,1.0,1433270,0,36,0.9999748832419595,0.0,2.5116758040502166e-05,1433306,1.0,0.9999874234199524,1.0,98.54679107666016,0.01349189504981041
up_blocks.2.attentions.1.transformer_blocks.0.attn2.to_v.weight,up,attn2_to_v,491520,450392,0.9163248697916667,0.00019625565619207919,0.00429534912109375,0.00021417695097625256,0.00019625565619207919,0.00021417695097625256,450392,1.0,450392,0,0,1.0,0.0,0.0,450392,1.0,1.0,1.0,96.46357727050781,0.07793261110782623
up_blocks.1.attentions.0.transformer_blocks.0.attn1.to_out.0.weight,up,attn1_to_out,1638400,1433325,0.8748321533203125,5.630682790069841e-05,0.00146484375,6.436299736378714e-05,5.630682790069841e-05,6.436299736378714e-05,1433325,1.0,1433295,0,30,0.9999790696457538,0.0,2.0930354246245616e-05,1433325,1.0,0.9999895095825195,1.0,92.25310516357422,0.011759065091609955
up_blocks.2.attentions.2.transformer_blocks.0.attn2.to_k.weight,up,attn2_to_k,491520,443787,0.902886962890625,0.0001840340264607221,0.0049591064453125,0.0002038284292211756,0.0001840340264607221,0.0002038284292211756,443787,1.0,443787,0,0,1.0,0.0,0.0,443787,1.0,1.0,1.0,90.45640563964844,0.09559307992458344
up_blocks.2.attentions.1.transformer_blocks.0.attn2.to_q.weight,up,attn2_to_q,409600,369438,0.9019482421875,0.00021813594503328204,0.005462646484375,0.00024184973153751343,0.00021813594503328204,0.00024184973153751343,369438,1.0,369438,0,0,1.0,0.0,0.0,369438,1.0,1.0,1.0,89.34848022460938,0.11157713085412979
up_blocks.2.attentions.2.transformer_blocks.0.attn2.to_v.weight,up,attn2_to_v,491520,453655,0.9229634602864584,0.0001809040695661679,0.0032806396484375,0.00019600350060500205,0.0001809040695661679,0.00019600350060500205,453655,1.0,453655,0,0,1.0,0.0,0.0,453655,1.0,1.0,1.0,88.91796875,0.055795155465602875
up_blocks.1.attentions.0.transformer_blocks.0.attn1.to_v.weight,up,attn1_to_v,1638400,1433305,0.8748199462890625,5.4123047448229045e-05,0.0009765625,6.186765676829964e-05,5.4123047448229045e-05,6.186765676829964e-05,1433305,1.0,1433273,0,32,0.9999776739772763,0.0,2.2326022723705004e-05,1433305,1.0,0.999988853931427,1.0,88.67520141601562,0.010825678706169128
up_blocks.3.resnets.1.conv1.weight,up,resnet_conv1,1843200,1611411,0.8742464192708334,4.7772562538739294e-05,0.001953125,5.464427886181511e-05,4.7772562538739294e-05,5.4644271585857496e-05,1611411,1.0,1611366,0,45,0.9999720741635747,0.0,2.7925836425344e-05,1611411,1.0,0.9999860525131226,1.0,88.05438995361328,0.012102916836738586
up_blocks.2.attentions.0.transformer_blocks.0.attn2.to_out.0.weight,up,attn2_to_out,409600,380781,0.92964111328125,0.00021095931879244745,0.0042572021484375,0.0002269255492137745,0.00021095931879244745,0.00022692550555802882,380781,1.0,380781,0,0,1.0,0.0,0.0,380781,1.0,1.0,1.0,86.408935546875,0.06348118185997009
up_blocks.1.attentions.2.transformer_blocks.0.attn1.to_out.0.weight,up,attn1_to_out,1638400,1433178,0.874742431640625,5.273612623568624e-05,0.00390625,6.0287598898867145e-05,5.273612623568624e-05,6.0287598898867145e-05,1433178,1.0,1433137,0,41,0.9999713922485554,0.0,2.8607751444691447e-05,1433178,1.0,0.9999856948852539,1.0,86.40287017822266,0.010410195216536522
up_blocks.1.attentions.1.transformer_blocks.0.attn1.to_out.0.weight,up,attn1_to_out,1638400,1432448,0.874296875,5.254139250610024e-05,0.001953125,6.0095597291365266e-05,5.254139250610024e-05,6.0095597291365266e-05,1432448,1.0,1432411,0,37,0.9999741700920383,0.0,2.5829907961754982e-05,1432448,1.0,0.9999870657920837,1.0,86.08381652832031,0.010235844179987907
down_blocks.1.attentions.1.transformer_blocks.0.attn2.to_k.weight,down,attn2_to_k,491520,446006,0.9074015299479167,0.00017252289399039,0.003368377685546875,0.00019012848497368395,0.00017252289399039,0.00019012848497368395,446006,1.0,446006,0,0,1.0,0.0,0.0,446006,1.0,1.0,1.0,84.79845428466797,0.060921989381313324
down_blocks.2.attentions.1.transformer_blocks.0.attn1.to_out.0.weight,down,attn1_to_out,1638400,1432701,0.8744512939453125,5.07117438246496e-05,0.001953125,5.7992645452031866e-05,5.07117438246496e-05,5.7992645452031866e-05,1432701,1.0,1432671,0,30,0.9999790605297267,0.0,2.0939470273281028e-05,1432701,1.0,0.9999895095825195,1.0,83.08612060546875,0.009522011503577232
up_blocks.3.resnets.2.conv1.weight,up,resnet_conv1,1843200,1611584,0.8743402777777778,4.4889773562317714e-05,0.001953125,5.1341306971153244e-05,4.4889773562317714e-05,5.1341306971153244e-05,1611584,1.0,1611523,0,61,0.9999621490409436,0.0,3.785095905643144e-05,1611584,1.0,0.9999810457229614,1.0,82.74082946777344,0.010455782525241375
up_blocks.1.attentions.2.transformer_blocks.0.attn1.to_v.weight,up,attn1_to_v,1638400,1432672,0.87443359375,5.008869629818946e-05,0.00048828125,5.728130417992361e-05,5.008869629818946e-05,5.728130417992361e-05,1432672,1.0,1432650,0,22,0.9999846440776395,0.0,1.5355922360456544e-05,1432672,1.0,0.999992311000824,1.0,82.06532287597656,0.009254010394215584
up_blocks.1.attentions.1.transformer_blocks.0.attn1.to_v.weight,up,attn1_to_v,1638400,1433407,0.8748822021484375,5.004741615266539e-05,0.00048828125,5.720475019188598e-05,5.004741615266539e-05,5.720475019188598e-05,1433407,1.0,1433356,0,51,0.9999644204332754,0.0,3.557956672459392e-05,1433407,1.0,0.9999822378158569,1.0,81.99768829345703,0.009254520758986473
mid_block.attentions.0.transformer_blocks.0.attn1.to_out.0.weight,mid,attn1_to_out,1638400,1433264,0.874794921875,4.812664701603353e-05,0.0009765625,5.5014777899486944e-05,4.812664701603353e-05,5.501477062352933e-05,1433264,1.0,1433225,0,39,0.9999727893814399,0.0,2.7210618560153607e-05,1433264,1.0,0.9999864101409912,1.0,78.85070037841797,0.008534396067261696
down_blocks.2.attentions.1.transformer_blocks.0.attn1.to_v.weight,down,attn1_to_v,1638400,1431840,0.87392578125,4.7021134378155693e-05,0.00048828125,5.380450238590129e-05,4.7021134378155693e-05,5.380450238590129e-05,1431840,1.0,1431800,0,40,0.9999720639177562,0.0,2.7936082243826127e-05,1431840,1.0,0.9999860525131226,1.0,77.0394287109375,0.008167884312570095
up_blocks.1.resnets.0.conv_shortcut.weight,up,conv_shortcut,3276800,2861039,0.8731198120117187,2.339648563065566e-05,0.0009765625,2.6796420570462942e-05,2.339648926863447e-05,2.6796416932484135e-05,2861039,1.0,2860668,0,371,0.9998703268288199,0.0,0.00012967317118012023,2861039,1.0,0.9999351501464844,1.0,76.66560363769531,0.0063399518840014935
down_blocks.2.attentions.0.transformer_blocks.0.attn1.to_out.0.weight,down,attn1_to_out,1638400,1431925,0.8739776611328125,4.611701297108084e-05,0.001953125,5.276680531096645e-05,4.611701297108084e-05,5.276680531096645e-05,1431925,1.0,1431871,0,54,0.9999622885276813,0.0,3.771147231873178e-05,1431925,1.0,0.999981164932251,1.0,75.55811309814453,0.007950209081172943
up_blocks.2.attentions.0.transformer_blocks.0.attn2.to_v.weight,up,attn2_to_v,491520,444682,0.9047078450520833,0.0001528738794149831,0.003143310546875,0.0001689759810687974,0.0001528738794149831,0.0001689759810687974,444682,1.0,444682,0,0,1.0,0.0,0.0,444682,1.0,1.0,1.0,75.14057159423828,0.03845391795039177
up_blocks.1.resnets.1.conv_shortcut.weight,up,conv_shortcut,3276800,2864504,0.87417724609375,2.252625381515827e-05,0.0009765625,2.5768518753466196e-05,2.2526255634147674e-05,2.5768516934476793e-05,2864504,1.0,2864337,0,167,0.9999417002035954,0.0,5.829979640454333e-05,2864504,1.0,0.9999708533287048,1.0,73.81402587890625,0.0038447489496320486
down_blocks.0.attentions.1.transformer_blocks.0.attn2.to_v.weight,down,attn2_to_v,245760,237461,0.9662312825520833,0.00029808419640176,0.002735137939453125,0.0003085019125137478,0.00029808419640176,0.0003085019125137478,237461,1.0,237461,0,0,1.0,0.0,0.0,237461,1.0,0.9999998807907104,1.0,73.25717163085938,0.05318974703550339
mid_block.attentions.0.transformer_blocks.0.attn1.to_v.weight,mid,attn1_to_v,1638400,1432733,0.8744708251953125,4.3863296014023945e-05,0.00048828125,5.015981150791049e-05,4.3863296014023945e-05,5.015981150791049e-05,1432733,1.0,1432674,0,59,0.99995881996157,0.0,4.118003843004942e-05,1432733,1.0,0.9999794363975525,1.0,71.8656234741211,0.007084604352712631
up_blocks.3.attentions.0.transformer_blocks.0.attn2.to_v.weight,up,attn2_to_v,245760,237478,0.9663004557291667,0.00027804920682683587,0.00344085693359375,0.00028774613747373223,0.00027804920682683587,0.00028774613747373223,237478,1.0,237478,0,0,1.0,0.0,0.0,237478,1.0,1.0,1.0,68.3333740234375,0.0436503067612648
down_blocks.2.attentions.0.transformer_blocks.0.attn1.to_v.weight,down,attn1_to_v,1638400,1433454,0.874910888671875,4.111929229111411e-05,0.000732421875,4.6998266043374315e-05,4.111929229111411e-05,4.6998266043374315e-05,1433454,1.0,1433401,0,53,0.9999630263684778,0.0,3.697363152218348e-05,1433454,1.0,0.9999815225601196,1.0,67.3698501586914,0.006338983308523893
mid_block.attentions.0.transformer_blocks.0.attn1.to_k.weight,mid,attn1_to_k,1638400,1432708,0.87445556640625,4.0883736801333725e-05,0.000732421875,4.675336822401732e-05,4.0883736801333725e-05,4.6753364586038515e-05,1432708,1.0,1432661,0,47,0.9999671949901864,0.0,3.2805009813583785e-05,1432708,1.0,0.9999836087226868,1.0,66.98391723632812,0.0062032099813222885
up_blocks.2.attentions.2.transformer_blocks.0.attn2.to_q.weight,up,attn2_to_q,409600,369297,0.90160400390625,0.000162748692673631,0.00490570068359375,0.00018051017832476646,0.000162748692673631,0.00018051017832476646,369297,1.0,369297,0,0,1.0,0.0,0.0,369297,1.0,1.0,1.0,66.661865234375,0.05655073747038841
down_blocks.1.attentions.1.transformer_blocks.0.attn2.to_q.weight,down,attn2_to_q,409600,370545,0.90465087890625,0.00016237101226579398,0.0030689239501953125,0.0001794847339624539,0.00016237101226579398,0.0001794847339624539,370545,1.0,370545,0,0,1.0,0.0,0.0,370545,1.0,1.0,1.0,66.50716400146484,0.04228059947490692
mid_block.attentions.0.transformer_blocks.0.attn1.to_q.weight,mid,attn1_to_q,1638400,1432923,0.8745867919921875,4.028675175504759e-05,0.0009765625,4.606375296134502e-05,4.028675175504759e-05,4.606375296134502e-05,1432923,1.0,1432873,0,50,0.9999651062897309,0.0,3.4893710269149146e-05,1432923,1.0,0.9999825358390808,1.0,66.00581359863281,0.006065609864890575
down_blocks.1.attentions.0.transformer_blocks.0.attn2.to_k.weight,down,attn2_to_k,491520,442512,0.90029296875,0.00012880636495538056,0.00402069091796875,0.00014307160745374858,0.00012880636495538056,0.00014307160745374858,442512,1.0,442512,0,0,1.0,0.0,0.0,442512,1.0,1.0,1.0,63.31090545654297,0.030428018420934677
up_blocks.2.attentions.0.transformer_blocks.0.attn2.to_k.weight,up,attn2_to_k,491520,440697,0.896600341796875,0.00012498411524575204,0.0034942626953125,0.0001393977872794494,0.00012498411524575204,0.0001393977872794494,440697,1.0,440697,0,0,1.0,0.0,0.0,440697,1.0,1.0,1.0,61.43218994140625,0.028591614216566086
up_blocks.0.resnets.0.conv_shortcut.weight,up,conv_shortcut,3276800,2863338,0.8738214111328125,1.8577557057142258e-05,0.00048828125,2.1260129869915545e-05,1.857755887613166e-05,2.1260129869915545e-05,2863338,1.0,2863142,0,196,0.9999315484235533,0.0,6.845157644679042e-05,2863338,1.0,0.9999657869338989,1.0,60.87493896484375,0.0026008596178144217
up_blocks.3.attentions.1.transformer_blocks.0.attn2.to_v.weight,up,attn2_to_v,245760,233896,0.9517252604166667,0.00023779207549523562,0.00270843505859375,0.00024985367781482637,0.00023779207549523562,0.00024985367781482637,233896,1.0,233896,0,0,1.0,0.0,0.0,233896,1.0,1.0,1.0,58.439781188964844,0.03423834964632988
up_blocks.3.attentions.2.transformer_blocks.0.attn2.to_v.weight,up,attn2_to_v,245760,235774,0.9593668619791667,0.00022902143246028572,0.0033721923828125,0.00023872143356129527,0.00022902143246028572,0.00023872143356129527,235774,1.0,235774,0,0,1.0,0.0,0.0,235774,1.0,1.0,1.0,56.284305572509766,0.030641943216323853
up_blocks.3.resnets.0.conv2.weight,up,resnet_conv2,921600,806370,0.8749674479166667,5.702348062186502e-05,0.001953125,6.517212023027241e-05,5.702348062186502e-05,6.517212023027241e-05,806370,1.0,806352,0,18,0.9999776777409873,0.0,2.2322259012612076e-05,806370,1.0,0.999988853931427,1.0,52.55284118652344,0.008658395148813725
down_blocks.0.attentions.0.transformer_blocks.0.attn2.to_v.weight,down,attn2_to_v,245760,231783,0.94312744140625,0.00021323726105038077,0.00324249267578125,0.00022609591542277485,0.00021323726105038077,0.00022609591542277485,231783,1.0,231783,0,0,1.0,0.0,0.0,231783,1.0,1.0,1.0,52.405189514160156,0.0322704091668129
up_blocks.2.attentions.0.transformer_blocks.0.attn2.to_q.weight,up,attn2_to_q,409600,366905,0.89576416015625,0.00012458491255529225,0.003505706787109375,0.00013908225810155272,0.00012458491255529225,0.00013908225810155272,366905,1.0,366905,0,0,1.0,0.0,0.0,366905,1.0,1.0,1.0,51.02997970581055,0.021990537643432617
down_blocks.1.attentions.0.transformer_blocks.0.attn2.to_q.weight,down,attn2_to_q,409600,368144,0.8987890625,0.00012375347432680428,0.0037384033203125,0.0001376891159452498,0.00012375347432680428,0.0001376891159452498,368144,1.0,368144,0,0,1.0,0.0,0.0,368144,1.0,1.0,1.0,50.689422607421875,0.02120990678668022
down_blocks.0.attentions.1.transformer_blocks.0.attn2.to_out.0.weight,down,attn2_to_out,102400,101759,0.993740234375,0.00047824904322624207,0.0030059814453125,0.00048126158071681857,0.00047824904322624207,0.00048126158071681857,101759,1.0,101759,0,0,1.0,0.0,0.0,101759,1.0,1.0,1.0,48.97270202636719,0.03966875746846199
down_blocks.0.resnets.1.conv1.weight,down,resnet_conv1,921600,806243,0.8748296440972222,5.261296610115096e-05,0.00146484375,6.0140817367937416e-05,5.261296610115096e-05,6.0140817367937416e-05,806243,1.0,806213,0,30,0.9999627903746141,0.0,3.7209625385894826e-05,806243,1.0,0.9999814033508301,1.0,48.48810958862305,0.00664770882576704
up_blocks.3.attentions.2.transformer_blocks.0.attn2.to_k.weight,up,attn2_to_k,245760,224346,0.9128662109375,0.00019595675985328853,0.003696441650390625,0.0002146609767805785,0.00019595677440520376,0.00021466096222866327,224346,1.0,224346,0,0,1.0,0.0,0.0,224346,1.0,1.0,1.0,48.15833282470703,0.04078353941440582
down_blocks.0.resnets.0.conv1.weight,down,resnet_conv1,921600,805681,0.8742198350694445,4.9372261855751276e-05,0.00146484375,5.647579746437259e-05,4.9372261855751276e-05,5.647579746437259e-05,805681,1.0,805659,0,22,0.9999726939073902,0.0,2.7306092609854273e-05,805681,1.0,0.9999863505363464,1.0,45.5014762878418,0.005511093884706497
up_blocks.3.resnets.2.conv2.weight,up,resnet_conv2,921600,806531,0.8751421440972222,4.8875594075070694e-05,0.0009765625,5.584874452324584e-05,4.8875594075070694e-05,5.584874452324584e-05,806531,1.0,806498,0,33,0.9999590840277683,0.0,4.091597223169351e-05,806531,1.0,0.999979555606842,1.0,45.04374694824219,0.00576739339157939
up_blocks.3.attentions.1.transformer_blocks.0.attn2.to_k.weight,up,attn2_to_k,245760,222984,0.90732421875,0.00017888000002130866,0.003570556640625,0.00019715116650331765,0.00017888000002130866,0.00019715116650331765,222984,1.0,222984,0,0,1.0,0.0,0.0,222984,1.0,1.0,1.0,43.9615478515625,0.03419237956404686
up_blocks.3.resnets.1.conv2.weight,up,resnet_conv2,921600,805886,0.8744422743055555,4.659680416807532e-05,0.001953125,5.328746192390099e-05,4.659680416807532e-05,5.328746192390099e-05,805886,1.0,805856,0,30,0.9999627738910962,0.0,3.722610890374073e-05,805886,1.0,0.9999814033508301,1.0,42.9436149597168,0.005779425147920847
up_blocks.1.resnets.2.conv_shortcut.weight,up,conv_shortcut,2457600,2147480,0.8738118489583333,1.739311483106576e-05,0.00048828125,1.9904871805920266e-05,1.7393116650055163e-05,1.9904871805920266e-05,2147480,1.0,2147316,0,164,0.9999236314191517,0.0,7.636858084825004e-05,2147480,1.0,0.999961793422699,1.0,42.74531936645508,0.0017437624046579003
up_blocks.3.attentions.1.transformer_blocks.0.attn2.to_out.0.weight,up,attn2_to_out,102400,101444,0.9906640625,0.0004073268792126328,0.00295257568359375,0.0004111654998268932,0.0004073268792126328,0.0004111654998268932,101444,1.0,101444,0,0,1.0,0.0,0.0,101444,1.0,1.0,1.0,41.71027374267578,0.03056393191218376
up_blocks.3.attentions.0.transformer_blocks.0.attn2.to_k.weight,up,attn2_to_k,245760,223081,0.9077189127604167,0.00016736802353989333,0.003787994384765625,0.00018438308325130492,0.00016736802353989333,0.00018438308325130492,223081,1.0,223081,0,0,1.0,0.0,0.0,223081,1.0,1.0,1.0,41.13236618041992,0.028011053800582886
down_blocks.0.attentions.1.transformer_blocks.0.attn2.to_k.weight,down,attn2_to_k,245760,223656,0.91005859375,0.00016694521764293313,0.00347900390625,0.0001834444556152448,0.00016694521764293313,0.00018344447016716003,223656,1.0,223656,0,0,1.0,0.0,0.0,223656,1.0,1.0,1.0,41.02845764160156,0.026818113401532173
down_blocks.0.resnets.1.conv2.weight,down,resnet_conv2,921600,805968,0.87453125,4.4125310523668304e-05,0.0009765625,5.0455957534722984e-05,4.4125310523668304e-05,5.0455957534722984e-05,805968,1.0,805923,0,45,0.9999441665177774,0.0,5.583348222261926e-05,805968,1.0,0.9999721050262451,1.0,40.66588592529297,0.0047481730580329895
down_blocks.0.attentions.0.transformer_blocks.0.attn2.to_out.0.weight,down,attn2_to_out,102400,101161,0.987900390625,0.00039549608482047915,0.003634214401245117,0.0004003400099463761,0.00039549608482047915,0.0004003400099463761,101161,1.0,101161,0,0,1.0,0.0,0.0,101161,1.0,1.0,1.0,40.49879837036133,0.029815176501870155
up_blocks.0.resnets.1.conv_shortcut.weight,up,conv_shortcut,3276800,2861906,0.8733843994140625,1.2316075299168006e-05,0.00048828125,1.410154982295353e-05,1.2316076208662707e-05,1.4101546184974723e-05,2861906,1.0,2861592,0,314,0.9998902829093618,0.0,0.00010971709063819705,2861906,1.0,0.9999451637268066,1.0,40.35731506347656,0.001145165995694697
up_blocks.3.attentions.0.transformer_blocks.0.attn2.to_out.0.weight,up,attn2_to_out,102400,101376,0.99,0.0003904546028934419,0.0027933120727539062,0.0003943985793739557,0.0003904546028934419,0.0003943985793739557,101376,1.0,101376,0,0,1.0,0.0,0.0,101376,1.0,1.0,1.0,39.98255157470703,0.028340574353933334
up_blocks.2.resnets.0.conv_shortcut.weight,up,conv_shortcut,1228800,1072874,0.8731070963541666,3.2486026611877605e-05,0.001953125,3.7207380955806e-05,3.2486026611877605e-05,3.720737367984839e-05,1072874,1.0,1072745,0,129,0.9998797622087962,0.0,0.0001202377912038133,1072874,1.0,0.9999398589134216,1.0,39.91883087158203,0.005961797200143337
up_blocks.3.attentions.2.transformer_blocks.0.attn2.to_out.0.weight,up,attn2_to_out,102400,101741,0.993564453125,0.00037630353472195566,0.0034589767456054688,0.0003787409223150462,0.0003763035638257861,0.0003787409223150462,101741,1.0,101741,0,0,1.0,0.0,0.0,101741,1.0,1.0,1.0,38.53348159790039,0.02607240155339241
down_blocks.0.attentions.0.transformer_blocks.0.attn2.to_k.weight,down,attn2_to_k,245760,221516,0.9013509114583333,0.0001544875995023176,0.003185272216796875,0.00017139562987722456,0.0001544875995023176,0.00017139562987722456,221516,1.0,221516,0,0,1.0,0.0,0.0,221516,1.0,0.9999998807907104,1.0,37.96687316894531,0.023324163630604744
down_blocks.0.resnets.0.conv2.weight,down,resnet_conv2,921600,805829,0.8743804253472223,4.0681530663277954e-05,0.000732421875,4.652611823985353e-05,4.068153430125676e-05,4.652611823985353e-05,805829,1.0,805799,0,30,0.999962771257922,0.0,3.7228742078033926e-05,805829,1.0,0.9999814033508301,1.0,37.49209976196289,0.0038623532745987177
up_blocks.2.attentions.1.transformer_blocks.0.attn1.to_q.weight,up,attn1_to_q,409600,358363,0.87490966796875,8.279977191705257e-05,0.0009765625,9.463808237342164e-05,8.279977191705257e-05,9.463808237342164e-05,358363,1.0,358359,0,4,0.999988838133401,0.0,1.1161866598951343e-05,358363,1.0,0.9999943971633911,1.0,33.91478729248047,0.0063403937965631485
down_blocks.1.attentions.0.transformer_blocks.0.attn1.to_q.weight,down,attn1_to_q,409600,358617,0.87552978515625,8.182362944353372e-05,0.0009765625,9.3456132162828e-05,8.182362944353372e-05,9.3456132162828e-05,358617,1.0,358609,0,8,0.9999776920781781,0.0,2.2307921821887976e-05,358617,1.0,0.999988853931427,1.0,33.514957427978516,0.0063364156521856785
up_blocks.2.attentions.1.transformer_blocks.0.attn1.to_k.weight,up,attn1_to_k,409600,358074,0.8742041015625,8.09381454018876e-05,0.0009765625,9.258495265385136e-05,8.09381454018876e-05,9.258495265385136e-05,358074,1.0,358064,0,10,0.9999720728117651,0.0,2.792718823483414e-05,358074,1.0,0.9999860525131226,1.0,33.15226364135742,0.006162434350699186
down_blocks.1.attentions.1.transformer_blocks.0.attn1.to_q.weight,down,attn1_to_q,409600,358418,0.8750439453125,8.075906953308731e-05,0.0009765625,9.22914405236952e-05,8.075906953308731e-05,9.22914405236952e-05,358418,1.0,358413,0,5,0.9999860498077664,0.0,1.395019223364898e-05,358418,1.0,0.9999930262565613,1.0,33.078914642333984,0.006039690226316452
down_blocks.1.attentions.0.transformer_blocks.0.attn1.to_k.weight,down,attn1_to_k,409600,358427,0.87506591796875,7.945455581648275e-05,0.0009765625,9.079836308956146e-05,7.945455581648275e-05,9.079836308956146e-05,358427,1.0,358424,0,3,0.999991630094831,0.0,8.369905168974436e-06,358427,1.0,0.9999958276748657,1.0,32.544586181640625,0.006002066656947136
down_blocks.1.attentions.1.transformer_blocks.0.attn1.to_k.weight,down,attn1_to_k,409600,358138,0.8743603515625,7.882790669100359e-05,0.0009765625,9.015494288178161e-05,7.882790669100359e-05,9.015494288178161e-05,358138,1.0,358134,0,4,0.9999888311209646,0.0,1.1168879035455607e-05,358138,1.0,0.9999943971633911,1.0,32.28791046142578,0.005768253467977047
up_blocks.2.attentions.2.transformer_blocks.0.attn1.to_q.weight,up,attn1_to_q,409600,357970,0.8739501953125,7.717959670117125e-05,0.0009765625,8.831119339447469e-05,7.717959670117125e-05,8.831119339447469e-05,357970,1.0,357963,0,7,0.9999804452887113,0.0,1.9554711288655474e-05,357970,1.0,0.9999902248382568,1.0,31.612762451171875,0.005704791285097599
up_blocks.2.attentions.2.transformer_blocks.0.attn1.to_k.weight,up,attn1_to_k,409600,358480,0.8751953125,7.397484296234325e-05,0.0009765625,8.452381007373333e-05,7.397484296234325e-05,8.452381007373333e-05,358480,1.0,358473,0,7,0.9999804731086811,0.0,1.952689131890203e-05,358480,1.0,0.9999902248382568,1.0,30.300094604492188,0.00541430339217186
up_blocks.2.attentions.0.transformer_blocks.0.attn1.to_q.weight,up,attn1_to_q,409600,358555,0.87537841796875,7.17667571734637e-05,0.0009765625,8.198369323508814e-05,7.176674989750609e-05,8.198369323508814e-05,358555,1.0,358544,0,11,0.9999693213035658,0.0,3.067869643429878e-05,358555,1.0,0.9999846816062927,1.0,29.395662307739258,0.004807727411389351
up_blocks.2.attentions.0.transformer_blocks.0.attn1.to_k.weight,up,attn1_to_k,409600,358052,0.874150390625,7.108389399945736e-05,0.0009765625,8.131769573083147e-05,7.108389399945736e-05,8.131769573083147e-05,358052,1.0,358045,0,7,0.9999804497670729,0.0,1.9550232927060873e-05,358052,1.0,0.9999902248382568,1.0,29.115962982177734,0.004775645677000284
up_blocks.2.attentions.0.transformer_blocks.0.attn1.to_v.weight,up,attn1_to_v,409600,358131,0.87434326171875,6.644455424975604e-05,0.0009765625,7.599368109367788e-05,6.644456880167127e-05,7.599368109367788e-05,358131,1.0,358129,0,2,0.9999944154513293,0.0,5.584548670737802e-06,358131,1.0,0.9999971985816956,1.0,27.21569061279297,0.004138035699725151
up_blocks.0.resnets.2.conv_shortcut.weight,up,conv_shortcut,3276800,2859992,0.87280029296875,8.010878445929848e-06,0.000244140625,9.17836314329179e-06,8.010882083908655e-06,9.178358595818281e-06,2859992,1.0,2859502,0,490,0.999828670849429,0.0,0.00017132915057105054,2859992,1.0,0.9999143481254578,1.0,26.250045776367188,0.0004921898362226784
up_blocks.2.attentions.0.transformer_blocks.0.attn1.to_out.0.weight,up,attn1_to_out,409600,358445,0.87510986328125,6.373864016495645e-05,0.0009765625,7.283501327037811e-05,6.373864016495645e-05,7.283501327037811e-05,358445,1.0,358442,0,3,0.9999916305151418,0.0,8.369484858206977e-06,358445,1.0,0.9999958276748657,1.0,26.10734748840332,0.003792700357735157
up_blocks.2.attentions.1.transformer_blocks.0.attn1.to_v.weight,up,attn1_to_v,409600,357933,0.87385986328125,6.049789590178989e-05,0.000732421875,6.923065666342154e-05,6.049789590178989e-05,6.923065666342154e-05,357933,1.0,357920,0,13,0.9999636803535857,0.0,3.6319646414273063e-05,357933,1.0,0.9999818205833435,1.0,24.779937744140625,0.0034150793217122555
up_blocks.2.resnets.1.conv_shortcut.weight,up,conv_shortcut,819200,715854,0.87384521484375,2.937377939815633e-05,0.0009765625,3.36143966706004e-05,2.937377939815633e-05,3.361439303262159e-05,715854,1.0,715820,0,34,0.9999525042815993,0.0,4.7495718400679465e-05,715854,1.0,0.9999762773513794,1.0,24.062999725341797,0.0018943167524412274
up_blocks.2.attentions.1.transformer_blocks.0.attn1.to_out.0.weight,up,attn1_to_out,409600,358512,0.8752734375,5.823195897391997e-05,0.0009765625,6.653002492384985e-05,5.823195897391997e-05,6.653002492384985e-05,358512,1.0,358507,0,5,0.9999860534654349,0.0,1.3946534565091265e-05,358512,1.0,0.9999930262565613,1.0,23.851810455322266,0.0031658937223255634
up_blocks.2.attentions.2.transformer_blocks.0.attn1.to_out.0.weight,up,attn1_to_out,409600,358209,0.87453369140625,5.583124584518373e-05,0.0009765625,6.384116568369791e-05,5.583124220720492e-05,6.38411584077403e-05,358209,1.0,358196,0,13,0.9999637083378697,0.0,3.62916621302089e-05,358209,1.0,0.9999818801879883,1.0,22.868478775024414,0.0029457013588398695
up_blocks.2.attentions.2.transformer_blocks.0.attn1.to_v.weight,up,attn1_to_v,409600,358203,0.87451904296875,5.571289511863142e-05,0.0009765625,6.370690243784338e-05,5.571289511863142e-05,6.370690243784338e-05,358203,1.0,358196,0,7,0.9999804580084477,0.0,1.9541991552276224e-05,358203,1.0,0.9999902248382568,1.0,22.82000160217285,0.0029479563236236572
down_blocks.1.attentions.1.transformer_blocks.0.attn1.to_out.0.weight,down,attn1_to_out,409600,358119,0.87431396484375,5.034143032389693e-05,0.00146484375,5.757820690632798e-05,5.034143032389693e-05,5.757820690632798e-05,358119,1.0,358116,0,3,0.9999916228962998,0.0,8.377103700166704e-06,358119,1.0,0.9999958276748657,1.0,20.619850158691406,0.002381086116656661
down_blocks.1.attentions.0.transformer_blocks.0.attn1.to_out.0.weight,down,attn1_to_out,409600,358611,0.87551513671875,4.996045390726067e-05,0.0009765625,5.706406227545813e-05,4.996045390726067e-05,5.706406227545813e-05,358611,1.0,358602,0,9,0.9999749031680567,0.0,2.50968319432477e-05,358611,1.0,0.9999874234199524,1.0,20.463802337646484,0.002331205876544118
down_blocks.1.attentions.0.transformer_blocks.0.attn1.to_v.weight,down,attn1_to_v,409600,357979,0.87397216796875,4.965845437254757e-05,0.00048828125,5.6819262681528926e-05,4.965845437254757e-05,5.6819262681528926e-05,357979,1.0,357970,0,9,0.9999748588604359,0.0,2.514113956405264e-05,357979,1.0,0.9999874234199524,1.0,20.340103149414062,0.00232915161177516
down_blocks.1.attentions.1.transformer_blocks.0.attn1.to_v.weight,down,attn1_to_v,409600,358163,0.87442138671875,4.9624944949755445e-05,0.00048828125,5.6751752708805725e-05,4.962495222571306e-05,5.6751752708805725e-05,358163,1.0,358153,0,10,0.9999720797513981,0.0,2.792024860189355e-05,358163,1.0,0.9999860525131226,1.0,20.326377868652344,0.002299024723470211
up_blocks.3.attentions.2.transformer_blocks.0.attn2.to_q.weight,up,attn2_to_q,102400,92453,0.902861328125,0.00015735089255031198,0.0028285980224609375,0.00017428025603294373,0.00015735089255031198,0.00017428025603294373,92453,1.0,92453,0,0,1.0,0.0,0.0,92453,1.0,1.0,1.0,16.11273193359375,0.00921338889747858
down_blocks.2.resnets.0.conv_shortcut.weight,down,conv_shortcut,819200,716375,0.874481201171875,1.920569957292173e-05,0.0009765625,2.1962392565910704e-05,1.920569957292173e-05,2.1962388927931897e-05,716375,1.0,716317,0,58,0.9999190368173093,0.0,8.096318269062991e-05,716375,1.0,0.9999595284461975,1.0,15.733308792114258,0.0007151091704145074
down_blocks.0.attentions.1.transformer_blocks.0.attn2.to_q.weight,down,attn2_to_q,102400,92448,0.9028125,0.00015033123781904578,0.0029636621475219727,0.00016651434998493642,0.00015033123781904578,0.00016651434998493642,92448,1.0,92448,0,0,1.0,0.0,0.0,92448,1.0,1.0,1.0,15.39391803741455,0.00820261798799038
down_blocks.0.attentions.0.transformer_blocks.0.attn2.to_q.weight,down,attn2_to_q,102400,91949,0.897939453125,0.00015030897338874638,0.0034766197204589844,0.00016739322745706886,0.00015030897338874638,0.00016739322745706886,91949,1.0,91949,0,0,1.0,0.0,0.0,91949,1.0,1.0,1.0,15.39163875579834,0.007984161376953125
up_blocks.3.attentions.1.transformer_blocks.0.attn2.to_q.weight,up,attn2_to_q,102400,92247,0.900849609375,0.00014861053205095232,0.0032324790954589844,0.0001649670593906194,0.00014861053205095232,0.0001649670593906194,92247,1.0,92247,0,0,1.0,0.0,0.0,92247,1.0,1.0,1.0,15.217718124389648,0.007937266491353512
up_blocks.3.attentions.0.transformer_blocks.0.attn2.to_q.weight,up,attn2_to_q,102400,92297,0.901337890625,0.00014223027392290533,0.0035552978515625,0.00015779906243551522,0.00014223027392290533,0.00015779906243551522,92297,1.0,92297,0,0,1.0,0.0,0.0,92297,1.0,1.0,1.0,14.564380645751953,0.006995887029916048
up_blocks.2.resnets.2.conv_shortcut.weight,up,conv_shortcut,614400,536546,0.8732845052083333,1.9623086700448766e-05,0.00048828125,2.247043994429987e-05,1.962308851943817e-05,2.2470436306321062e-05,536546,1.0,536510,0,36,0.9999329041685149,0.0,6.709583148509168e-05,536546,1.0,0.9999664425849915,1.0,12.056424140930176,0.0005468277377076447
up_blocks.3.attentions.1.transformer_blocks.0.attn1.to_q.weight,up,attn1_to_q,102400,89564,0.8746484375,0.00011749063560273498,0.001953125,0.0001343289768556133,0.0001174906428786926,0.0001343289768556133,89564,1.0,89563,0,1,0.9999888347996964,0.0,1.1165200303693447e-05,89564,1.0,0.9999943971633911,1.0,12.031041145324707,0.0032632211223244667
up_blocks.3.attentions.2.transformer_blocks.0.attn1.to_q.weight,up,attn1_to_q,102400,89387,0.872919921875,0.00011185029870830476,0.001953125,0.00012813351349905133,0.00011185030598426238,0.00012813351349905133,89387,1.0,89385,0,2,0.9999776253817669,0.0,2.23746182330764e-05,89387,1.0,0.9999887943267822,1.0,11.453470230102539,0.0030093675013631582
up_blocks.3.attentions.1.transformer_blocks.0.attn1.to_k.weight,up,attn1_to_k,102400,89438,0.87341796875,0.00010947370901703835,0.001953125,0.00012533942935988307,0.00010947370901703835,0.00012533942935988307,89438,1.0,89438,0,0,1.0,0.0,0.0,89438,1.0,1.0,1.0,11.210107803344727,0.002963470760732889
up_blocks.3.attentions.0.transformer_blocks.0.attn1.to_q.weight,up,attn1_to_q,102400,89585,0.874853515625,0.00010072815348394215,0.0009765625,0.00011513717618072405,0.00010072815348394215,0.00011513716162880883,89585,1.0,89582,0,3,0.9999665122509349,0.0,3.348774906513367e-05,89585,1.0,0.9999832510948181,1.0,10.314562797546387,0.0023651064839214087
up_blocks.3.attentions.0.transformer_blocks.0.attn1.to_k.weight,up,attn1_to_k,102400,89568,0.8746875,9.445650357520208e-05,0.0009765625,0.00010798886069096625,9.445650357520208e-05,0.00010798886069096625,89568,1.0,89567,0,1,0.9999888352983208,0.0,1.1164701679171132e-05,89568,1.0,0.9999943971633911,1.0,9.672346115112305,0.002193062100559473
down_blocks.0.attentions.0.transformer_blocks.0.attn1.to_q.weight,down,attn1_to_q,102400,89576,0.874765625,9.405286255059764e-05,0.0009765625,0.00010751778609119356,9.405286982655525e-05,0.00010751778609119356,89576,1.0,89576,0,0,1.0,0.0,0.0,89576,1.0,1.0,1.0,9.631012916564941,0.0021582660265266895
down_blocks.0.attentions.1.transformer_blocks.0.attn1.to_q.weight,down,attn1_to_q,102400,89534,0.87435546875,9.387921454617754e-05,0.0009765625,0.00010736961849033833,9.387921454617754e-05,0.00010736961849033833,89534,1.0,89533,0,1,0.9999888310585923,0.0,1.1168941407733375e-05,89534,1.0,0.9999943971633911,1.0,9.613231658935547,0.002051679417490959
up_blocks.3.attentions.2.transformer_blocks.0.attn1.to_k.weight,up,attn1_to_k,102400,89615,0.875146484375,9.333974594483152e-05,0.001953125,0.0001066561380866915,9.333974594483152e-05,0.0001066561380866915,89615,1.0,89615,0,0,1.0,0.0,0.0,89615,1.0,1.0,1.0,9.557990074157715,0.0022872393019497395
down_blocks.0.attentions.1.transformer_blocks.0.attn1.to_k.weight,down,attn1_to_k,102400,89391,0.872958984375,8.750300912652165e-05,0.0009765625,0.00010023725189967081,8.750300912652165e-05,0.00010023725189967081,89391,1.0,89388,0,3,0.9999664395744539,0.0,3.356042554619593e-05,89391,1.0,0.9999831914901733,1.0,8.960308074951172,0.0018488361965864897
down_blocks.0.attentions.0.transformer_blocks.0.attn1.to_k.weight,down,attn1_to_k,102400,89506,0.87408203125,8.600693399785087e-05,0.0009765625,9.839686390478164e-05,8.600693399785087e-05,9.839686390478164e-05,89506,1.0,89502,0,4,0.9999553102585301,0.0,4.46897414698456e-05,89506,1.0,0.9999776482582092,1.0,8.807109832763672,0.0018170204712077975
up_blocks.3.resnets.0.conv_shortcut.weight,up,conv_shortcut,307200,268292,0.8733463541666666,2.4559447410865687e-05,0.0009765625,2.8121085051679984e-05,2.4559447410865687e-05,2.812108323269058e-05,268292,1.0,268265,0,27,0.9998993633801977,0.0,0.00010063661980230496,268292,1.0,0.9999496936798096,1.0,7.544661998748779,0.0006445278413593769
up_blocks.3.resnets.2.conv_shortcut.weight,up,conv_shortcut,204800,179155,0.8747802734375,3.641871808213182e-05,0.0009765625,4.163184348726645e-05,3.641871808213182e-05,4.163184348726645e-05,179155,1.0,179149,0,6,0.9999665094471268,0.0,3.349055287321035e-05,179155,1.0,0.9999832510948181,1.0,7.458553314208984,0.0007357100257650018
up_blocks.3.attentions.0.transformer_blocks.0.attn1.to_v.weight,up,attn1_to_v,102400,89642,0.87541015625,6.869986827950925e-05,0.0009765625,7.847734377719462e-05,6.869986827950925e-05,7.847734377719462e-05,89642,1.0,89640,0,2,0.9999776890296959,0.0,2.2310970304098525e-05,89642,1.0,0.999988853931427,1.0,7.0348663330078125,0.0011587644694373012
up_blocks.3.attentions.0.transformer_blocks.0.attn1.to_out.0.weight,up,attn1_to_out,102400,89515,0.874169921875,6.362226122291759e-05,0.0009765625,7.278018892975524e-05,6.362226122291759e-05,7.278018892975524e-05,89515,1.0,89514,0,1,0.9999888286879294,0.0,1.1171312070602692e-05,89515,1.0,0.9999943971633911,1.0,6.514919281005859,0.000983689446002245
up_blocks.3.attentions.1.transformer_blocks.0.attn1.to_v.weight,up,attn1_to_v,102400,89710,0.87607421875,6.0597962146857753e-05,0.0009765625,6.91698951413855e-05,6.0597962146857753e-05,6.91698951413855e-05,89710,1.0,89709,0,1,0.9999888529706833,0.0,1.1147029316687102e-05,89710,1.0,0.9999943971633911,1.0,6.205231189727783,0.0009047178318724036
up_blocks.3.resnets.1.conv_shortcut.weight,up,conv_shortcut,204800,178728,0.8726953125,3.0041714126127772e-05,0.00048828125,3.442405795794912e-05,3.0041714126127772e-05,3.442405431997031e-05,178728,1.0,178722,0,6,0.9999664294346717,0.0,3.3570565328320126e-05,178728,1.0,0.9999831914901733,1.0,6.152543067932129,0.00048439583042636514
down_blocks.0.attentions.1.transformer_blocks.0.attn1.to_v.weight,down,attn1_to_v,102400,89565,0.874658203125,5.864760896656662e-05,0.0009765625,6.705203850287944e-05,5.864760896656662e-05,6.705203850287944e-05,89565,1.0,89564,0,1,0.9999888349243566,0.0,1.1165075643387484e-05,89565,1.0,0.9999943971633911,1.0,6.005515098571777,0.0008378559141419828
up_blocks.3.attentions.1.transformer_blocks.0.attn1.to_out.0.weight,up,attn1_to_out,102400,89604,0.8750390625,5.692070408258587e-05,0.0009765625,6.504933116957545e-05,5.692070408258587e-05,6.504933116957545e-05,89604,1.0,89603,0,1,0.9999888397839383,0.0,1.1160216061782957e-05,89604,1.0,0.9999943971633911,1.0,5.828680038452148,0.0007989815785549581
down_blocks.1.resnets.0.conv_shortcut.weight,down,conv_shortcut,204800,178764,0.87287109375,2.7950387448072433e-05,0.00048828125,3.202120933565311e-05,2.7950387448072433e-05,3.202120933565311e-05,178764,1.0,178751,0,13,0.9999272784229487,0.0,7.272157705130787e-05,178764,1.0,0.999963641166687,1.0,5.724239349365234,0.00037213682662695646
down_blocks.0.attentions.1.transformer_blocks.0.attn1.to_out.0.weight,down,attn1_to_out,102400,89624,0.875234375,5.4823562095407397e-05,0.0009765625,6.263871910050511e-05,5.4823562095407397e-05,6.263871910050511e-05,89624,1.0,89622,0,2,0.9999776845487816,0.0,2.2315451218423637e-05,89624,1.0,0.999988853931427,1.0,5.6139326095581055,0.0007054575253278017
down_blocks.0.attentions.0.transformer_blocks.0.attn1.to_v.weight,down,attn1_to_v,102400,89599,0.874990234375,5.4754600569140166e-05,0.000732421875,6.257738277781755e-05,5.4754600569140166e-05,6.257738277781755e-05,89599,1.0,89598,0,1,0.9999888391611513,0.0,1.1160838848647864e-05,89599,1.0,0.9999943971633911,1.0,5.606871128082275,0.0007284515304490924
up_blocks.3.attentions.2.transformer_blocks.0.attn1.to_v.weight,up,attn1_to_v,102400,89689,0.875869140625,5.331345528247766e-05,0.0009765625,6.086919893277809e-05,5.331345528247766e-05,6.086919893277809e-05,89689,1.0,89688,0,1,0.9999888503606909,0.0,1.1149639309168348e-05,89689,1.0,0.9999943971633911,1.0,5.4592976570129395,0.000696913746651262
down_blocks.0.attentions.0.transformer_blocks.0.attn1.to_out.0.weight,down,attn1_to_out,102400,89539,0.874404296875,5.2851581131108105e-05,0.00048828125,6.0442958783824e-05,5.2851581131108105e-05,6.044295514584519e-05,89539,1.0,89535,0,4,0.9999553267291348,0.0,4.467327086520957e-05,89539,1.0,0.9999776482582092,1.0,5.412002086639404,0.0006468667415902019
up_blocks.3.attentions.2.transformer_blocks.0.attn1.to_out.0.weight,up,attn1_to_out,102400,89597,0.874970703125,5.155035250936635e-05,0.00146484375,5.8916662965202704e-05,5.155035250936635e-05,5.8916662965202704e-05,89597,1.0,89591,0,6,0.9999330334721028,0.0,6.696652789713941e-05,89597,1.0,0.9999665021896362,1.0,5.278756141662598,0.0006669873837381601
